"File Name","Solvent type","Stoichiometry","Charge","Mult","Functional","Basis Set","Energy (A.U.)","dipole","ZPE (kcal/mol)","H298 (Hartrees)","G298 (Hartrees)","Freq 1","Freq 2","phi","theta","Q","Pucker","HM1 (deg)","HM2 (deg)","AC1 (deg)","AC2 (deg)","Ano1 (deg)","Ano2 (deg)","R1 (A)","R2 (A)","R3 (A)","R4 (A)","R5 (A)","R6 (A)","O1 (A)","O2 (A)","O3 (A)","O4 (A)","O6 (A)","Ion1 (A)","Ion2 (A)","Ion3 (A)","Ion4 (A)","Ion5 (A)","Ion6 (A)"
"beta-xylose81-TS_b3lyp-ircf-b3lyp.log","N/A","C5H10O5","0","1","b3lyp","6-31+G(d,p)","-572.678755397","2.906","0.164411","-572.503657","-572.548783","51.7867","148.6045","18.251547622929614","89.7710991464334","0.7704385257377043","3s1","N/A","N/A","N/A","N/A","-171.39244314903172","-141.02523562864806","1.4240220763660936","1.5448437007415994","1.54460347389678","1.540883660793053","1.5509221471734165","1.444682256669957","1.3963202342661225","1.4351918679852531","1.4220071563761556","1.4291064501607287","N/A","N/A","N/A","N/A","N/A","N/A","N/A"
"beta-xylose36-TS_b3lyp-ircf-b3lyp.log","N/A","C5H10O5","0","1","b3lyp","6-31+G(d,p)","-572.681124116","1.5333","0.16406","-572.506035","-572.552332","39.5235","104.5772","199.375738233797","86.394660283282","0.7178423664620248","1s3","N/A","N/A","N/A","N/A","59.76960428688888","-106.69356184035037","1.4135479217097666","1.5490304630584255","1.5317941665511068","1.5247600988844114","1.5385883851131203","1.4429479436625565","1.4142441368957483","1.4293974151403803","1.4252913746255536","1.4233068445570687","N/A","N/A","N/A","N/A","N/A","N/A","N/A"
"beta-xylose84-TS_b3lyp-ircr-b3lyp.log","N/A","C5H10O5","0","1","b3lyp","6-31+G(d,p)","-572.673800214","0.5475","0.163393","-572.49919","-572.545437","60.7863","121.9813","30.068723149751456","89.83263537646921","0.7321774579681822","3s1","N/A","N/A","N/A","N/A","-174.23289923511484","-151.42464231488242","1.4121653269376784","1.540752691309024","1.5412402475590885","1.536632584780435","1.5428472439130194","1.4361701473815698","1.400282455883098","1.435870257728044","1.4250481649509255","1.4325456164792798","N/A","N/A","N/A","N/A","N/A","N/A","N/A"
"beta-xylose33-TS_b3lyp-ircr-b3lyp.log","N/A","C5H10O5","0","1","b3lyp","6-31+G(d,p)","-572.688214445","3.8251","0.165016","-572.512785","-572.556765","129.0717","159.9711","29.388490373951957","177.70731186182027","0.5329143164052927","1c4","N/A","N/A","N/A","N/A","65.16952002091217","-70.59300258671034","1.4136522283121828","1.5415148335436155","1.5448665322444524","1.544436573571087","1.5266460403574234","1.43435262445223","1.4282142439385626","1.4167871539458565","1.4227495474056564","1.4385169736124075","N/A","N/A","N/A","N/A","N/A","N/A","N/A"
"beta-xylose37-TS_b3lyp-ircr-b3lyp.log","N/A","C5H10O5","0","1","b3lyp","6-31+G(d,p)","-572.678765993","1.398","0.163939","-572.503805","-572.549476","67.6964","140.6505","274.8573231107192","89.54233756509593","0.7088903292842548","1s5","N/A","N/A","N/A","N/A","92.76812582657328","-62.60484812463335","1.40556347911327","1.5278485387138345","1.5527112103507852","1.545401808699925","1.5262281403040634","1.4415019390944295","1.4313172082424637","1.4251721235808676","1.426355856216113","1.4253059313270255","N/A","N/A","N/A","N/A","N/A","N/A","N/A"
"beta-xylose80-TS_b3lyp-ircr-b3lyp.log","N/A","C5H10O5","0","1","b3lyp","6-31+G(d,p)","-572.676756185","1.8744","0.164","-572.50183","-572.547152","87.9867","132.37","328.59402583121533","92.55872331179937","0.7225287295873517","os2","N/A","N/A","N/A","N/A","-153.85528129432114","-89.61962771005841","1.4236939831961783","1.5544665229460555","1.5279860781122976","1.5513973139731163","1.54638139157777","1.426370882414879","1.3947249926455036","1.43513721341933","1.4319960119895583","1.4230829721983884","N/A","N/A","N/A","N/A","N/A","N/A","N/A"
"beta-xylose32-TS_b3lyp-ircf-b3lyp.log","N/A","C5H10O5","0","1","b3lyp","6-31+G(d,p)","-572.677962162","2.907","0.163878","-572.502975","-572.548891","66.0466","149.4632","264.21835799866045","92.98072152676872","0.701614606441938","1s5","N/A","N/A","N/A","N/A","80.01546502613552","-60.407266303800725","1.415972247413769","1.5272310106378797","1.5540152315196272","1.5430050120181076","1.5274300990706577","1.4485075396155174","1.4206027389699767","1.4244171971687227","1.4281437050692765","1.4249774322398931","N/A","N/A","N/A","N/A","N/A","N/A","N/A"
"beta-xylose90-TS_b3lyp-ircr-b3lyp.log","N/A","C5H10O5","0","1","b3lyp","6-31+G(d,p)","-572.67876403","1.3971","0.163952","-572.503794","-572.549442","68.9536","141.2753","274.87875701168633","89.5533901652461","0.7090482475084303","1s5","N/A","N/A","N/A","N/A","92.7677630078144","-62.57678897376135","1.4055696404422655","1.5278027036021373","1.5527125549775784","1.5455152024409207","1.5262042320164757","1.4415458322963581","1.4313222595642114","1.425177822480409","1.4263338321129455","1.4253081799084715","N/A","N/A","N/A","N/A","N/A","N/A","N/A"
"beta-xylose27-TS_b3lyp-ircr-b3lyp.log","N/A","C5H10O5","0","1","b3lyp","6-31+G(d,p)","-572.68075179","2.0588","0.164023","-572.505819","-572.551726","50.2543","101.5095","164.89790959518638","88.80096009350264","0.7332786079275377","bo3","N/A","N/A","N/A","N/A","73.26675504304778","-137.35991844292295","1.4174863306437915","1.54302824233745","1.5295930425734159","1.5307619530044507","1.5415654064936721","1.4330771713742425","1.4123859465078943","1.4202826411081","1.4353294675279262","1.4243513943904433","N/A","N/A","N/A","N/A","N/A","N/A","N/A"
"beta-xylose85-TS_b3lyp-ircf-b3lyp.log","N/A","C5H10O5","0","1","b3lyp","6-31+G(d,p)","-572.69028944","1.4558","0.163878","-572.515452","-572.560882","107.6052","109.9686","51.516362120897206","1.2565184599789632","0.5721134671972709","4c1","N/A","N/A","N/A","N/A","-177.1535427980377","177.30715586036476","1.4171854582357946","1.53754122685182","1.5249069446258026","1.5271382822737436","1.5313683290528115","1.4319640215752631","1.4020871797841246","1.423203705085467","1.4252942385356788","1.4202710154305056","N/A","N/A","N/A","N/A","N/A","N/A","N/A"
"beta-xylose77-TS_b3lyp-ircr-b3lyp.log","N/A","C5H10O5","0","1","b3lyp","6-31+G(d,p)","-572.691475665","1.8799","0.163973","-572.516568","-572.561939","106.3714","110.8943","14.282098968770478","2.1912042618412824","0.574485209258008","4c1","N/A","N/A","N/A","N/A","-179.60069800084233","175.49011451587344","1.4208428010251521","1.531424217887715","1.5257923698518092","1.5276077199349969","1.5312526269864812","1.430563248250842","1.3978000972302873","1.424906118393419","1.4249354216335561","1.420980616325571","N/A","N/A","N/A","N/A","N/A","N/A","N/A"
"beta-xylose46-TS_b3lyp-ircf-b3lyp.log","N/A","C5H10O5","0","1","b3lyp","6-31+G(d,p)","-572.677720951","5.2704","0.164242","-572.502726","-572.54787","62.3576","156.6188","16.636218626023833","90.65363354717107","0.7622437985920222","3s1","N/A","N/A","N/A","N/A","-173.59477206186304","-136.40399603478667","1.4393021693688925","1.5480443354326128","1.5488771959910188","1.5394941056506193","1.547167766884057","1.4316212869882874","1.3910167984683006","1.4195443056368477","1.422936681460563","1.4412183577157904","N/A","N/A","N/A","N/A","N/A","N/A","N/A"
"beta-xylose62-TS_b3lyp-ircf-b3lyp.log","N/A","C5H10O5","0","1","b3lyp","6-31+G(d,p)","-572.680177982","1.5881","0.163988","-572.505269","-572.550456","112.5509","131.0331","112.53919813864074","170.6607741845554","0.5230483257439371","1c4","N/A","N/A","N/A","N/A","68.48239204512811","-79.54010890186342","1.4098852513609041","1.5436045041868722","1.5391846611121747","1.5467092585208118","1.5272414528799956","1.4400311334110107","1.409253776087898","1.4360011404344357","1.4256865570247197","1.4217371841979092","N/A","N/A","N/A","N/A","N/A","N/A","N/A"
"beta-xylose53-TS_b3lyp-ircr-b3lyp.log","N/A","C5H10O5","0","1","b3lyp","6-31+G(d,p)","-572.677734229","1.8293","0.163407","-572.503125","-572.550224","22.3481","108.3372","100.45158170017005","86.42816081491438","0.7083777039868623","5s1","N/A","N/A","N/A","N/A","144.61400215644593","176.30602654866607","1.415260677215685","1.532628999754996","1.5271721195579102","1.5497707838090122","1.5249897627007205","1.4380906835113005","1.4132523494705398","1.4202925390686245","1.4263258536842134","1.4280041514022288","N/A","N/A","N/A","N/A","N/A","N/A","N/A"
"beta-xylose72-TS_b3lyp-ircf-b3lyp.log","N/A","C5H10O5","0","1","b3lyp","6-31+G(d,p)","-572.673415777","2.6989","0.163862","-572.498513","-572.544511","51.5185","116.3908","275.7443478674581","91.60000361067242","0.7064052715671734","1s5","N/A","N/A","N/A","N/A","99.38874317449883","-65.6878683326377","1.419922269969029","1.5363937140749437","1.539721152682199","1.5465834123596438","1.5298173479657629","1.4327660842653276","1.410599559172269","1.426594886100816","1.4348854925303274","1.4267753075130645","N/A","N/A","N/A","N/A","N/A","N/A","N/A"
"beta-xylose88-TS_b3lyp-ircr-b3lyp.log","N/A","C5H10O5","0","1","b3lyp","6-31+G(d,p)","-572.690290442","1.4563","0.163893","-572.515443","-572.560862","107.534","110.2821","51.56639714496372","1.2863458552965044","0.5721148014913822","4c1","N/A","N/A","N/A","N/A","-177.12802445058384","177.3257798235407","1.4171931169078547","1.5374778450794013","1.5249252068295023","1.5271994927719823","1.5314130320625456","1.4319129704758595","1.402076235534288","1.4232057335610337","1.4252913418350648","1.4202586796967658","N/A","N/A","N/A","N/A","N/A","N/A","N/A"
"beta-xylose43-TS_b3lyp-ircr-b3lyp.log","N/A","C5H10O5","0","1","b3lyp","6-31+G(d,p)","-572.690294021","1.4549","0.163889","-572.515448","-572.560872","107.7578","110.0107","51.39234709619054","1.2877150789543899","0.5721145948846745","4c1","N/A","N/A","N/A","N/A","-177.12080932662687","177.33019709090124","1.4171791222555463","1.537473478178404","1.5249457416777161","1.5271851668245735","1.5314213322146195","1.4319197529152954","1.4021015255800844","1.4231857873004494","1.4252934543082698","1.4202748496534041","N/A","N/A","N/A","N/A","N/A","N/A","N/A"
"beta-xylose67-TS_b3lyp-ircr-b3lyp.log","N/A","C5H10O5","0","1","b3lyp","6-31+G(d,p)","-572.687179362","2.4057","0.16505","-572.511681","-572.555756","133.7297","151.0244","62.591456126430145","176.62448211616694","0.5321499655833739","1c4","N/A","N/A","N/A","N/A","64.74354131728714","-72.01947923328383","1.404474154949816","1.5374810471527771","1.5445070640236644","1.5481468769047722","1.5271938442182118","1.443906768219126","1.4279994783843586","1.4332015075867734","1.4235832264430488","1.4239980929460545","N/A","N/A","N/A","N/A","N/A","N/A","N/A"
"beta-xylose56-TS_b3lyp-ircf-b3lyp.log","N/A","C5H10O5","0","1","b3lyp","6-31+G(d,p)","-572.683870436","3.4245","0.163516","-572.509321","-572.554947","97.2355","107.8262","332.2291386454875","3.085358348643857","0.5621968264985457","4c1","N/A","N/A","N/A","N/A","-179.36389957003115","171.47806134295104","1.43288563519424","1.531389747412787","1.531295074562705","1.5280457725451158","1.53216377585296","1.4222600670123593","1.388122164393682","1.4188394037258059","1.4239207734793393","1.4308540550010682","N/A","N/A","N/A","N/A","N/A","N/A","N/A"
"beta-xylose52-TS_b3lyp-ircf-b3lyp.log","N/A","C5H10O5","0","1","b3lyp","6-31+G(d,p)","-572.686236305","4.229","0.164859","-572.510881","-572.555048","128.9761","153.7722","39.56580504603958","177.79310666343287","0.5268786592489844","1c4","N/A","N/A","N/A","N/A","65.40404199175426","-71.82358616351186","1.4009476967242567","1.5422617139402766","1.541392115693797","1.5481993963262612","1.528427614182955","1.4462679228365678","1.4275241994004864","1.4310860421613365","1.4229555737299038","1.4227020091480858","N/A","N/A","N/A","N/A","N/A","N/A","N/A"
"beta-xylose63-TS_b3lyp-ircr-b3lyp.log","N/A","C5H10O5","0","1","b3lyp","6-31+G(d,p)","-572.684941226","2.1935","0.164797","-572.509626","-572.553856","127.8812","152.6282","209.9593793808957","177.35282523297477","0.5431749887246609","1c4","N/A","N/A","N/A","N/A","66.73104562491105","-73.00475065278947","1.4167125846412887","1.546487422467121","1.5381222461303263","1.5468293436303824","1.5321530421175293","1.4314970384506562","1.4047428098107497","1.4313837444825899","1.438395261811231","1.419398876696047","N/A","N/A","N/A","N/A","N/A","N/A","N/A"
"beta-xylose47-TS_b3lyp-ircr-b3lyp.log","N/A","C5H10O5","0","1","b3lyp","6-31+G(d,p)","-572.687177238","2.4053","0.165044","-572.511685","-572.555758","133.7703","151.3384","62.43776344744282","176.64125856135726","0.5320869456743716","1c4","N/A","N/A","N/A","N/A","64.7389614538674","-72.00876565760926","1.4044248608127812","1.5374968338373902","1.544502021091588","1.5481046944393007","1.5271680954007647","1.4439787826758395","1.4280275056668201","1.4331940642331031","1.423587848862514","1.4240105428475591","N/A","N/A","N/A","N/A","N/A","N/A","N/A"
"beta-xylose76-TS_b3lyp-ircf-b3lyp.log","N/A","C5H10O5","0","1","b3lyp","6-31+G(d,p)","-572.668868442","5.5198","0.162728","-572.494698","-572.54184","43.3547","90.3945","93.60495449477632","87.12045245568342","0.7222132788737665","5s1","N/A","N/A","N/A","N/A","152.75089718234514","176.34329386657194","1.4311375970360083","1.5366035408090792","1.534618347056036","1.5521549516143676","1.5227067972689292","1.4296550943126107","1.391600451270766","1.4172058996454961","1.4330561485740887","1.4277436040819793","N/A","N/A","N/A","N/A","N/A","N/A","N/A"
"beta-xylose57-TS_b3lyp-ircr-b3lyp.log","N/A","C5H10O5","0","1","b3lyp","6-31+G(d,p)","-572.683850198","3.4658","0.163575","-572.509218","-572.554889","97.7784","105.9566","339.8920010940863","3.9681593506821864","0.562481557384117","4c1","N/A","N/A","N/A","N/A","-176.38459761932418","175.59106828796624","1.4195033726969444","1.5420141505453184","1.5260614190192345","1.5319237908779928","1.5323348428186316","1.4281809519283613","1.4010327152643507","1.4174816515500297","1.4188038828745855","1.4319045519764926","N/A","N/A","N/A","N/A","N/A","N/A","N/A"
"beta-xylose66-TS_b3lyp-ircf-b3lyp.log","N/A","C5H10O5","0","1","b3lyp","6-31+G(d,p)","-572.688506889","1.9745","0.165169","-572.512962","-572.556877","128.7307","163.5982","326.8311220946046","177.66609485919264","0.5321590765124387","1c4","N/A","N/A","N/A","N/A","64.37103289754667","-69.15186029515424","1.4102056503677043","1.539957174402912","1.5448448083645814","1.5479229708254219","1.523203325747748","1.4377763114479942","1.4286587659150802","1.418271597723793","1.422885768022507","1.4401565370139457","N/A","N/A","N/A","N/A","N/A","N/A","N/A"
"beta-xylose42-TS_b3lyp-ircf-b3lyp.log","N/A","C5H10O5","0","1","b3lyp","6-31+G(d,p)","-572.679436104","2.5591","0.163454","-572.504777","-572.551276","53.5108","98.2687","147.943387749394","84.50455182904128","0.7300554176842697","2so","N/A","N/A","N/A","N/A","101.07104733162812","163.78740788635827","1.411804948656506","1.540749263426402","1.5250005655513705","1.5328025427526535","1.5371731810316625","1.4334458594994093","1.418101491178611","1.4229174220797214","1.422755777871241","1.4247036044756818","N/A","N/A","N/A","N/A","N/A","N/A","N/A"
"beta-xylose73-TS_b3lyp-ircr-b3lyp.log","N/A","C5H10O5","0","1","b3lyp","6-31+G(d,p)","-572.675863917","2.295","0.163419","-572.50112","-572.547994","44.8541","105.784","202.36520749132202","88.00134670643966","0.7241354313446422","1s3","N/A","N/A","N/A","N/A","58.11088057881934","-98.7184285762177","1.397237866779311","1.5564798431177966","1.5343121256879255","1.5257793777220874","1.5390648601387793","1.4435871163947813","1.424218056242091","1.4301400489521998","1.4266526355521865","1.423344164369602","N/A","N/A","N/A","N/A","N/A","N/A","N/A"
"beta-xylose89-TS_b3lyp-ircf-b3lyp.log","N/A","C5H10O5","0","1","b3lyp","6-31+G(d,p)","-572.683859695","1.3034","0.163703","-572.509213","-572.554661","97.224","110.6879","327.65872160541295","4.832768456412572","0.5654585489271912","4c1","N/A","N/A","N/A","N/A","-179.97220209055394","170.89698291579415","1.4285099511939003","1.5332321243076665","1.5336413598977434","1.5278920385239922","1.530390072205776","1.4250975461704367","1.3894182158144466","1.4181818126703645","1.4363573627022628","1.4203354563077697","N/A","N/A","N/A","N/A","N/A","N/A","N/A"
"beta-xylose64-TS_b3lyp-ircr-b3lyp.log","N/A","C5H10O5","0","1","b3lyp","6-31+G(d,p)","-572.684357329","3.2876","0.164824","-572.509006","-572.553278","125.9902","153.7596","217.2080407393755","177.48412033385716","0.5459712421531252","1c4","N/A","N/A","N/A","N/A","66.3090551625368","-72.68778522605571","1.4147981090844728","1.5474840760385873","1.5422385662386997","1.5431361613010692","1.5313098505988263","1.4344675682935462","1.4058043811373615","1.43083530738831","1.4427910883492452","1.4202374076252182","N/A","N/A","N/A","N/A","N/A","N/A","N/A"
"beta-xylose55-TS_b3lyp-ircf-b3lyp.log","N/A","C5H10O5","0","1","b3lyp","6-31+G(d,p)","-572.691478221","1.8793","0.163983","-572.516563","-572.561926","106.8173","110.8113","14.398882462350524","2.227891503131003","0.5744805668718457","4c1","N/A","N/A","N/A","N/A","-179.6411972211516","175.50189814366095","1.4208337614826725","1.5314122384485505","1.5258135321385113","1.5276932027138173","1.5312643701079183","1.430478412229279","1.3977825951406033","1.424905292548947","1.4249487225647806","1.4209686069452765","N/A","N/A","N/A","N/A","N/A","N/A","N/A"
"beta-xylose71-TS_b3lyp-ircf-b3lyp.log","N/A","C5H10O5","0","1","b3lyp","6-31+G(d,p)","-572.675622498","2.1263","0.163782","-572.500746","-572.546625","61.3173","142.8516","277.68533628221695","91.68162877349349","0.6955591606802125","1s5","N/A","N/A","N/A","N/A","93.43145241142341","-60.89420428293128","1.4050224465982741","1.5283901851539745","1.5530874517898212","1.5511204095137165","1.5335198918941353","1.4401459771148202","1.4303911907429379","1.4282240403389097","1.4206399022613014","1.4250519760798201","N/A","N/A","N/A","N/A","N/A","N/A","N/A"
"beta-xylose40-TS_b3lyp-ircr-b3lyp.log","N/A","C5H10O5","0","1","b3lyp","6-31+G(d,p)","-572.688505782","1.9747","0.165159","-572.512966","-572.55689","128.0448","163.6723","326.49252022773817","177.67128217642963","0.5321215905113642","1c4","N/A","N/A","N/A","N/A","64.36367471907849","-69.14778733803293","1.4102178331357182","1.5399389261672036","1.5448094533323518","1.5479502627365003","1.523224850149839","1.4377758575626451","1.4286503134021284","1.418275249739979","1.4228865014504846","1.4401484626711234","N/A","N/A","N/A","N/A","N/A","N/A","N/A"
"beta-xylose29-TS_b3lyp-ircf-b3lyp.log","N/A","C5H10O5","0","1","b3lyp","6-31+G(d,p)","-572.674638173","1.6032","0.163576","-572.499847","-572.546492","42.7528","103.9984","200.9251412431304","87.98835854263811","0.7299909398529695","1s3","N/A","N/A","N/A","N/A","63.15309518176871","-107.62269977491104","1.4160438961455255","1.557051776150684","1.5353552054081816","1.5250376852789573","1.5414972780598737","1.435436359360456","1.4122362614923891","1.428334790049588","1.4257289264755066","1.4196687516227153","N/A","N/A","N/A","N/A","N/A","N/A","N/A"
"beta-xylose50-TS_b3lyp-ircr-b3lyp.log","N/A","C5H10O5","0","1","b3lyp","6-31+G(d,p)","-572.67675374","1.8756","0.163988","-572.501832","-572.547183","86.339","132.1402","328.57172946030124","92.54009233152598","0.7226853929364246","os2","N/A","N/A","N/A","N/A","-153.8632606882093","-89.61495281878928","1.4237051168335386","1.5544845905167408","1.5279846886441635","1.5514535634268916","1.5463503033743682","1.4263287706097076","1.3947134570674364","1.4351134723198717","1.4320256980882011","1.423100366451713","N/A","N/A","N/A","N/A","N/A","N/A","N/A"
"beta-xylose39-TS_b3lyp-ircf-b3lyp.log","N/A","C5H10O5","0","1","b3lyp","6-31+G(d,p)","-572.675809729","3.6565","0.163726","-572.500973","-572.54689","62.854","138.0591","276.4972541218324","91.91152510232945","0.6968242013737193","1s5","N/A","N/A","N/A","N/A","92.5458052719354","-60.9951869163375","1.4038221756241067","1.5331878481197272","1.547233190628032","1.5503689713477884","1.5336506081128778","1.4438539502726722","1.4284136328801964","1.4271088440686646","1.4196378821336797","1.424357815311167","N/A","N/A","N/A","N/A","N/A","N/A","N/A"
"beta-xylose74-TS_b3lyp-ircr-b3lyp.log","N/A","C5H10O5","0","1","b3lyp","6-31+G(d,p)","-572.684946229","3.5077","0.16358","-572.510282","-572.556008","96.2315","104.6614","335.13128606077447","5.310948749471068","0.5634682356252056","4c1","N/A","N/A","N/A","N/A","-179.7804456175526","173.03682387439596","1.4231121318406361","1.5360900741636216","1.5267575920607044","1.532356922381336","1.5321183118378945","1.4268189444081545","1.3975433317740098","1.4191798445531845","1.418820812751913","1.432732344061863","N/A","N/A","N/A","N/A","N/A","N/A","N/A"
"beta-xylose45-TS_b3lyp-ircf-b3lyp.log","N/A","C5H10O5","0","1","b3lyp","6-31+G(d,p)","-572.678130543","3.8209","0.164261","-572.503051","-572.549435","15.4518","148.1701","350.91224347626866","89.1101629371469","0.7523249335734169","o3b","N/A","N/A","N/A","N/A","-174.84224749043005","-113.13579048019444","1.4263153372690769","1.553379000008369","1.5395930607595631","1.5470323787283833","1.5536427636573988","1.4393289201047825","1.3961860187858206","1.4365371500337192","1.4215429827441024","1.4238041288003769","N/A","N/A","N/A","N/A","N/A","N/A","N/A"
"beta-xylose41-TS_b3lyp-ircf-b3lyp.log","N/A","C5H10O5","0","1","b3lyp","6-31+G(d,p)","-572.680170881","1.5886","0.163974","-572.505271","-572.550477","111.4763","130.0266","112.5483420683851","170.62761502325827","0.5231195436169322","1c4","N/A","N/A","N/A","N/A","68.48265599661094","-79.55943888169627","1.4098625986861273","1.543670180539224","1.5391744867187735","1.5466420812243535","1.5272243358626132","1.440074995289134","1.4092658422214028","1.436018840195699","1.4256941082770875","1.4217364566877364","N/A","N/A","N/A","N/A","N/A","N/A","N/A"
"beta-xylose28-TS_b3lyp-ircr-b3lyp.log","N/A","C5H10O5","0","1","b3lyp","6-31+G(d,p)","-572.678389148","2.9321","0.163828","-572.503497","-572.549265","69.152","137.5161","272.9311072053222","89.35695411422314","0.7103489459028383","1s5","N/A","N/A","N/A","N/A","91.77234379001922","-63.25729337040657","1.4046427294130703","1.5327742347433295","1.5467956898795652","1.5442970986711075","1.5257169385744527","1.4448400046569172","1.4288773629430205","1.4256808393553586","1.4258473269330065","1.4241521294040183","N/A","N/A","N/A","N/A","N/A","N/A","N/A"
"beta-xylose70-TS_b3lyp-ircr-b3lyp.log","N/A","C5H10O5","0","1","b3lyp","6-31+G(d,p)","-572.678129743","3.8312","0.164252","-572.503055","-572.549367","16.9696","148.2408","350.4616216836945","89.11476896324523","0.7527074961913943","o3b","N/A","N/A","N/A","N/A","-174.5138512012729","-112.64796094300343","1.426313636647284","1.5534125944152763","1.5395345268375762","1.5471836964562418","1.5534078065549946","1.4392694331712184","1.3962324771115304","1.43651983837363","1.4215254430853497","1.4237858494011661","N/A","N/A","N/A","N/A","N/A","N/A","N/A"
"beta-xylose54-TS_b3lyp-ircr-b3lyp.log","N/A","C5H10O5","0","1","b3lyp","6-31+G(d,p)","-572.682220852","3.1165","0.163828","-572.507331","-572.553514","51.7274","97.2144","162.69426620663512","88.57283425630989","0.7400465072134168","2so","N/A","N/A","N/A","N/A","75.44668254978538","-140.08347072469425","1.420396968262746","1.5401957489442697","1.526588862320828","1.5281118873596922","1.5457750301648037","1.4315343596676258","1.4116610552583082","1.4197970561192892","1.4273838894274375","1.434399784176643","N/A","N/A","N/A","N/A","N/A","N/A","N/A"
"beta-xylose65-TS_b3lyp-ircf-b3lyp.log","N/A","C5H10O5","0","1","b3lyp","6-31+G(d,p)","-572.679697173","3.2486","0.164075","-572.50474","-572.549855","114.1491","137.9824","128.80072825408794","174.19025384517877","0.5286813287406111","1c4","N/A","N/A","N/A","N/A","66.40451108765579","-75.3870547564269","1.4201596976051671","1.5408247033754359","1.5432803733609133","1.5470070762378563","1.5235658551411555","1.432294949606051","1.4092486287287989","1.4238783346395856","1.4250417778668807","1.4360626449319682","N/A","N/A","N/A","N/A","N/A","N/A","N/A"
"beta-xylose44-TS_b3lyp-ircr-b3lyp.log","N/A","C5H10O5","0","1","b3lyp","6-31+G(d,p)","-572.688513767","1.975","0.165197","-572.51295","-572.556839","129.3128","164.4404","326.576550402365","177.66561566361105","0.53226154068217","1c4","N/A","N/A","N/A","N/A","64.35423727284542","-69.13086666990661","1.4102377527516416","1.5399818101123792","1.5448963327375724","1.547948760778922","1.5232101647832448","1.4377591069414237","1.4286761004258453","1.4182595646573302","1.4228585584259597","1.440135711159542","N/A","N/A","N/A","N/A","N/A","N/A","N/A"
"beta-xylose75-TS_b3lyp-ircf-b3lyp.log","N/A","C5H10O5","0","1","b3lyp","6-31+G(d,p)","-572.683851044","3.4645","0.163584","-572.509212","-572.554877","97.7744","106.1576","339.9677084509741","4.01859319822928","0.5624251382511227","4c1","N/A","N/A","N/A","N/A","-176.3652275211197","175.57475492097507","1.4194775658142682","1.542014530976281","1.5260918401295513","1.5319323642478477","1.5323526823068507","1.4281552327541287","1.4010335288157807","1.4174985293798368","1.4188147947382","1.4319113625113113","N/A","N/A","N/A","N/A","N/A","N/A","N/A"
"beta-xylose51-TS_b3lyp-ircf-b3lyp.log","N/A","C5H10O5","0","1","b3lyp","6-31+G(d,p)","-572.688214184","3.8258","0.165029","-572.512776","-572.556747","128.9407","160.7043","29.36374187426819","177.70864601077884","0.5329960041982738","1c4","N/A","N/A","N/A","N/A","65.16109736405632","-70.58484961398634","1.4136694374690286","1.5414913135343968","1.5448950870596359","1.544451819915403","1.5266579470533013","1.434348786345218","1.4281994514846308","1.416788121424301","1.4227373800100989","1.438527035689632","N/A","N/A","N/A","N/A","N/A","N/A","N/A"
"beta-xylose38-TS_b3lyp-ircr-b3lyp.log","N/A","C5H10O5","0","1","b3lyp","6-31+G(d,p)","-572.677960949","2.9052","0.16387","-572.502982","-572.5489","65.9458","149.242","264.28659638594354","92.99470881689963","0.7016098676572194","1s5","N/A","N/A","N/A","N/A","80.0450022688845","-60.37105638033934","1.4160076679089701","1.5272563003602246","1.553964678307715","1.5430243988676913","1.527390969702584","1.4485353515537687","1.4206353009893145","1.4244170406050332","1.4281282661294816","1.424991319646895","N/A","N/A","N/A","N/A","N/A","N/A","N/A"
"beta-xylose60-TS_b3lyp-ircr-b3lyp.log","N/A","C5H10O5","0","1","b3lyp","6-31+G(d,p)","-572.682182243","3.4895","0.163937","-572.507248","-572.553396","47.2502","95.8894","141.60920981018302","91.8933363741188","0.7449601467235107","2so","N/A","N/A","N/A","N/A","90.30588575629109","-156.22820840756546","1.4162009968083626","1.5361163921021739","1.5293787527705491","1.5468400313173951","1.5339363573593918","1.438634070764696","1.416176531191292","1.4270803233469376","1.4193102116514205","1.4256656585083334","N/A","N/A","N/A","N/A","N/A","N/A","N/A"
"beta-xylose68-TS_b3lyp-ircr-b3lyp.log","N/A","C5H10O5","0","1","b3lyp","6-31+G(d,p)","-572.677836805","2.3209","0.163405","-572.503273","-572.549555","55.3618","109.8938","96.14548218275594","88.14960424976253","0.7213376318284481","5s1","N/A","N/A","N/A","N/A","146.97684013817855","176.94291878178365","1.4212911807008441","1.5331542473844566","1.531050081170763","1.540473518464696","1.528381897687551","1.4361251647429623","1.411137378828865","1.4197118818591328","1.4267050219404152","1.4295088975662238","N/A","N/A","N/A","N/A","N/A","N/A","N/A"
"beta-xylose30-TS_b3lyp-ircr-b3lyp.log","N/A","C5H10O5","0","1","b3lyp","6-31+G(d,p)","-572.673079545","3.1895","0.163594","-572.498321","-572.544513","61.3608","102.54","275.24628246272607","90.20696597765468","0.7114802663147393","1s5","N/A","N/A","N/A","N/A","100.9152694034006","-67.77465015390106","1.4157679052380021","1.5369194567559488","1.546666438682239","1.5404696792764212","1.5251056968731709","1.4364146657334016","1.41278859003674","1.4245087641127379","1.4385199399334025","1.4236352494132758","N/A","N/A","N/A","N/A","N/A","N/A","N/A"
"beta-xylose87-TS_b3lyp-ircr-b3lyp.log","N/A","C5H10O5","0","1","b3lyp","6-31+G(d,p)","-572.682839585","3.1645","0.163641","-572.50822","-572.553704","103.7036","111.8845","19.118574649791153","4.168397985374366","0.5758339309850065","4c1","N/A","N/A","N/A","N/A","-175.25708064100473","174.9007229482991","1.4094878525386445","1.5364308446379873","1.5277558076135729","1.5308635806475377","1.5343936130664126","1.4248325271104672","1.3987694037996399","1.4237857961385907","1.436183004567663","1.4198783962177888","N/A","N/A","N/A","N/A","N/A","N/A","N/A"
"beta-xylose25-TS_b3lyp-ircf-b3lyp.log","N/A","C5H10O5","0","1","b3lyp","6-31+G(d,p)","-572.676080401","1.7292","0.164219","-572.501079","-572.546368","55.7314","145.3546","21.27255258283993","89.47941999466593","0.7783301140474819","3s1","N/A","N/A","N/A","N/A","-164.52353184011167","-147.2559203028537","1.4229903970659818","1.551477559780998","1.5454121371446519","1.5391004612077797","1.5495221378570234","1.4453545180435836","1.396364662321057","1.4334307497479606","1.4231611939555548","1.4293715464252112","N/A","N/A","N/A","N/A","N/A","N/A","N/A"
"beta-xylose35-TS_b3lyp-ircf-b3lyp.log","N/A","C5H10O5","0","1","b3lyp","6-31+G(d,p)","-572.680174528","1.5889","0.163984","-572.505269","-572.550462","112.1033","130.5607","112.27568330889136","170.64812616514635","0.5230816380212358","1c4","N/A","N/A","N/A","N/A","68.51305064437626","-79.5673542182467","1.409868274068184","1.5436238354683436","1.5391625118261554","1.5466816067264781","1.5272824373121037","1.4400099130384483","1.4092747958116614","1.4360215302738326","1.4256892504788692","1.4217218108227079","N/A","N/A","N/A","N/A","N/A","N/A","N/A"
"beta-xylose82-TS_b3lyp-ircf-b3lyp.log","N/A","C5H10O5","0","1","b3lyp","6-31+G(d,p)","-572.678757165","2.9073","0.164412","-572.503657","-572.548786","51.6903","148.3337","18.218105463330502","89.77076889266483","0.7703248221234219","3s1","N/A","N/A","N/A","N/A","-171.40904122091155","-140.9861191046885","1.424023507236099","1.5448655605022723","1.5445509401949162","1.5409012417526955","1.5509325962042966","1.44466388618045","1.3963231186247687","1.4351966896718376","1.4220035987472044","1.429106396902974","N/A","N/A","N/A","N/A","N/A","N/A","N/A"
"beta-xylose78-TS_b3lyp-ircr-b3lyp.log","N/A","C5H10O5","0","1","b3lyp","6-31+G(d,p)","-572.673415271","2.699","0.163863","-572.498513","-572.544502","52.046","116.7029","275.75465436740706","91.58654596924258","0.7063827127086704","1s5","N/A","N/A","N/A","N/A","99.41847649056817","-65.71046445477157","1.4199400367216215","1.5364239757885843","1.5397693296481134","1.5465355567141028","1.5297879711937208","1.432752314511479","1.4105945658377534","1.4265848794701983","1.4348727669358006","1.4267834941423314","N/A","N/A","N/A","N/A","N/A","N/A","N/A"
"beta-xylose49-TS_b3lyp-ircf-b3lyp.log","N/A","C5H10O5","0","1","b3lyp","6-31+G(d,p)","-572.684355361","3.2878","0.164829","-572.509","-572.55327","126.0265","153.9788","217.74159201556338","177.49698863421295","0.5459009181482457","1c4","N/A","N/A","N/A","N/A","66.33877257046845","-72.69351705790923","1.4148048111418055","1.5474523680585455","1.5422024667974046","1.5430882293793182","1.5313381901490601","1.4344796958305126","1.4058217105575657","1.4308282773725851","1.4427861527755943","1.4202504469303998","N/A","N/A","N/A","N/A","N/A","N/A","N/A"
"beta-xylose9-TS_b3lyp-ircr-b3lyp.log","N/A","C5H10O5","0","1","b3lyp","6-31+G(d,p)","-572.681123235","1.5326","0.16404","-572.506045","-572.552388","38.2446","104.0237","199.42687170184703","86.40283675318096","0.7178887731832118","1s3","N/A","N/A","N/A","N/A","59.74208829480262","-106.63197678790077","1.4135812396371141","1.5490382362065824","1.531800097760475","1.524754451724277","1.538569394207814","1.4429479265437821","1.4142458502010886","1.4293964669279131","1.4253061802777676","1.423306880043443","N/A","N/A","N/A","N/A","N/A","N/A","N/A"
"beta-xylose86-TS_b3lyp-ircf-b3lyp.log","N/A","C5H10O5","0","1","b3lyp","6-31+G(d,p)","-572.682668243","2.141","0.163667","-572.508052","-572.553505","98.2277","106.6414","1.0319124294137907","3.82920839643155","0.5561343592270802","4c1","N/A","N/A","N/A","N/A","-176.18142766079652","175.99457006193637","1.4198120748859688","1.5416716192840807","1.526272231213685","1.5352684019219571","1.5315788071888432","1.4263669206217593","1.4004205624504376","1.4175213179137733","1.4178027436642942","1.4297761629031307","N/A","N/A","N/A","N/A","N/A","N/A","N/A"
"beta-xylose31-TS_b3lyp-ircf-b3lyp.log","N/A","C5H10O5","0","1","b3lyp","6-31+G(d,p)","-572.674573792","4.3198","0.162964","-572.500022","-572.548077","31.2021","79.2983","195.85818207351187","86.85322979985882","0.7185748891958442","1s3","N/A","N/A","N/A","N/A","60.99979314029661","-106.15169636280139","1.3934084362282295","1.561743308760438","1.526686678405887","1.524990222699477","1.5401730837763008","1.4412725230073598","1.4281602634112882","1.432048092319179","1.4277533432907799","1.42320807651341","N/A","N/A","N/A","N/A","N/A","N/A","N/A"
"beta-xylose58-TS_b3lyp-ircr-b3lyp.log","N/A","C5H10O5","0","1","b3lyp","6-31+G(d,p)","-572.68049862","1.5806","0.16406","-572.505539","-572.550701","110.1138","130.7629","113.34209742804657","168.70662336116754","0.5296314360048495","1c4","N/A","N/A","N/A","N/A","67.63890381055778","-80.04629089417703","1.4146444429187852","1.5399819173957854","1.5433828270924876","1.5465430010206633","1.5265085686985187","1.4374408133210217","1.4096496728517336","1.4358835886477705","1.4248925991926549","1.4223267218768691","N/A","N/A","N/A","N/A","N/A","N/A","N/A"
"beta-xylose48-TS_b3lyp-ircr-b3lyp.log","N/A","C5H10O5","0","1","b3lyp","6-31+G(d,p)","-572.676756629","1.8771","0.163994","-572.501831","-572.547173","87.084","131.9403","328.5279800468879","92.52743495708778","0.7226415412216413","os2","N/A","N/A","N/A","N/A","-153.84047922336399","-89.5992227564994","1.4237098143972318","1.5544810746062492","1.528012018965165","1.5514719118398501","1.546263589016116","1.4263273566208425","1.3947205500490052","1.435105301877531","1.4320268366539086","1.4230977378556962","N/A","N/A","N/A","N/A","N/A","N/A","N/A"
"beta-xylose10-TS_b3lyp-ircr-b3lyp.log","N/A","C5H10O5","0","1","b3lyp","6-31+G(d,p)","-572.67772355","5.2705","0.16425","-572.502721","-572.54787","61.9817","156.4331","16.553613570946656","90.63207080459775","0.7622534120988401","3s1","N/A","N/A","N/A","N/A","-173.58283808740956","-136.3515732259834","1.4393109628186675","1.5480486990311384","1.5489049617552395","1.539486999272485","1.547292409491173","1.4315655205256936","1.3910119618543904","1.419547944504165","1.4229300256446202","1.4412031327932229","N/A","N/A","N/A","N/A","N/A","N/A","N/A"
"beta-xylose83-TS_b3lyp-ircr-b3lyp.log","N/A","C5H10O5","0","1","b3lyp","6-31+G(d,p)","-572.691477794","1.8788","0.163975","-572.516568","-572.561938","106.4402","110.6533","14.558567230125512","2.2321358348081897","0.5744724228486976","4c1","N/A","N/A","N/A","N/A","-179.63454267309578","175.50326244566122","1.420819121565444","1.5313659076229953","1.5258498442104322","1.5276650313802433","1.531292126495464","1.4304981545300925","1.3977911897325725","1.4249123676121278","1.4249377675793424","1.4209715474625098","N/A","N/A","N/A","N/A","N/A","N/A","N/A"
"beta-xylose34-TS_b3lyp-ircr-b3lyp.log","N/A","C5H10O5","0","1","b3lyp","6-31+G(d,p)","-572.679694292","3.2481","0.164074","-572.504736","-572.549857","114.8189","136.9552","128.61161439417643","174.15824733114326","0.5287223957449738","1c4","N/A","N/A","N/A","N/A","66.4158477120238","-75.41556588381708","1.420164766808063","1.5408188688243014","1.5432952515248013","1.5470290156648645","1.5235392912914982","1.4322912096235878","1.4092546101773094","1.4238914706444448","1.425043626604463","1.436040445855896","N/A","N/A","N/A","N/A","N/A","N/A","N/A"
"beta-xylose42-TS_b3lyp-ircr-b3lyp.log","N/A","C5H10O5","0","1","b3lyp","6-31+G(d,p)","-572.690293178","1.4553","0.163882","-572.515453","-572.560881","107.4048","110.0222","51.649114285764995","1.2864050664614588","0.5721158558521532","4c1","N/A","N/A","N/A","N/A","-177.12754437266665","177.3242806378491","1.4171564831863135","1.5374661142145538","1.5249818721381574","1.5271673725476196","1.5314140646582164","1.431925209005694","1.4020947636051568","1.4231936477306943","1.4252857582639349","1.4202728628728356","N/A","N/A","N/A","N/A","N/A","N/A","N/A"
"beta-xylose73-TS_b3lyp-ircf-b3lyp.log","N/A","C5H10O5","0","1","b3lyp","6-31+G(d,p)","-572.676042121","2.6502","0.163469","-572.501428","-572.547841","52.3474","94.2688","158.3769959418108","87.55302707462504","0.7406907247531143","2so","N/A","N/A","N/A","N/A","83.18435914882014","-144.42800083506648","1.3961023051341903","1.5500260725471686","1.5283187912107865","1.5330904128113252","1.5388477612229872","1.4358702681036333","1.4204704201193348","1.4319865343605713","1.42366474268839","1.4256376004304179","N/A","N/A","N/A","N/A","N/A","N/A","N/A"
"beta-xylose89-TS_b3lyp-ircr-b3lyp.log","N/A","C5H10O5","0","1","b3lyp","6-31+G(d,p)","-572.678525024","1.6785","0.164579","-572.503293","-572.548895","26.2001","154.3323","5.658708802022006","89.63769998855129","0.7536991288998465","o3b","N/A","N/A","N/A","N/A","-176.70735806123758","-127.46529319066794","1.4275264374998455","1.544719254382815","1.5452909046331695","1.5439987840931093","1.555850350980453","1.439457288418451","1.393712210142754","1.4403630469048418","1.422204054964336","1.4264282925089506","N/A","N/A","N/A","N/A","N/A","N/A","N/A"
"beta-xylose57-TS_b3lyp-ircf-b3lyp.log","N/A","C5H10O5","0","1","b3lyp","6-31+G(d,p)","-572.673713989","1.6934","0.163744","-572.498892","-572.544787","66.7329","112.7926","274.1440280557106","89.67628657108463","0.7258141731887486","1s5","N/A","N/A","N/A","N/A","99.59553039457133","-66.28577843014322","1.4203490738659985","1.5367580933383758","1.5411911814898243","1.5374627932567992","1.529093483026136","1.4344477210163498","1.4126446182763024","1.425447910586704","1.4356076804019264","1.4298963522056416","N/A","N/A","N/A","N/A","N/A","N/A","N/A"
"beta-xylose66-TS_b3lyp-ircr-b3lyp.log","N/A","C5H10O5","0","1","b3lyp","6-31+G(d,p)","-572.681064102","1.6154","0.163949","-572.506113","-572.552477","37.1203","92.9443","165.23977747847871","88.14217234374692","0.7305876761401914","bo3","N/A","N/A","N/A","N/A","74.61704530119329","-138.4439637209851","1.414181064908946","1.5456477755559317","1.5298983826234995","1.5291673099657865","1.5395937516140419","1.4379002615386787","1.4107776951050794","1.4297707642297068","1.423378738769833","1.4264605758684676","N/A","N/A","N/A","N/A","N/A","N/A","N/A"
"beta-xylose47-TS_b3lyp-ircf-b3lyp.log","N/A","C5H10O5","0","1","b3lyp","6-31+G(d,p)","-572.67852954","1.6753","0.164588","-572.503293","-572.548836","27.8257","154.3965","5.714557017493295","89.63768354959961","0.7536982656915538","o3b","N/A","N/A","N/A","N/A","-176.67808018928235","-127.52560743817388","1.42754173256301","1.5446513955310435","1.5452826593610631","1.5440147285965249","1.5558533004589474","1.4394614258051517","1.393701896061708","1.4403225915818303","1.4221945294006022","1.4264453935237058","N/A","N/A","N/A","N/A","N/A","N/A","N/A"
"beta-xylose76-TS_b3lyp-ircr-b3lyp.log","N/A","C5H10O5","0","1","b3lyp","6-31+G(d,p)","-572.685177909","4.2117","0.163564","-572.510528","-572.556265","97.5129","111.0701","353.6085434611993","2.4418685176812245","0.5778112390813075","4c1","N/A","N/A","N/A","N/A","-174.17394626862045","176.32195158770386","1.4329429157101827","1.5386753252187415","1.5298406941861626","1.5237693776060734","1.5344213712419414","1.4240323772333972","1.3860450685489996","1.4165285550690463","1.4257797827413603","1.4317655234496327","N/A","N/A","N/A","N/A","N/A","N/A","N/A"
"beta-xylose52-TS_b3lyp-ircr-b3lyp.log","N/A","C5H10O5","0","1","b3lyp","6-31+G(d,p)","-572.674421842","1.6656","0.163178","-572.499871","-572.546838","36.8146","125.8841","31.781033716066933","90.34316204036062","0.7337794022200902","3s1","N/A","N/A","N/A","N/A","-175.1608605431514","-152.1251342567966","1.4111886647553544","1.5403069707477142","1.5484595805028298","1.531433126923928","1.53984656892432","1.439450986439969","1.402119184781736","1.4338896414675715","1.4213498821490085","1.4334329792173752","N/A","N/A","N/A","N/A","N/A","N/A","N/A"
"beta-xylose63-TS_b3lyp-ircf-b3lyp.log","N/A","C5H10O5","0","1","b3lyp","6-31+G(d,p)","-572.674797434","1.9973","0.163151","-572.500317","-572.546974","61.1269","92.4812","100.31879654136726","94.45470074575445","0.7224410601865546","5s1","N/A","N/A","N/A","N/A","136.19385274974604","176.1928588325031","1.4257323631165844","1.5368851087667548","1.5315189043694497","1.55444553522888","1.5232979613073077","1.441840369267694","1.4104989150399938","1.4174302274147392","1.430267743061417","1.427020263143099","N/A","N/A","N/A","N/A","N/A","N/A","N/A"
"beta-xylose67-TS_b3lyp-ircf-b3lyp.log","N/A","C5H10O5","0","1","b3lyp","6-31+G(d,p)","-572.680750001","2.0585","0.164005","-572.505828","-572.551772","48.7411","101.2662","164.96367701393248","88.80463670600084","0.7331370581558093","bo3","N/A","N/A","N/A","N/A","73.21619265562067","-137.28785297114177","1.4175008454819347","1.5430550392004816","1.5295698558990367","1.530772467274611","1.541549441419898","1.4330756467552574","1.412398210558198","1.4203061839128208","1.4353270421311655","1.4243523856286406","N/A","N/A","N/A","N/A","N/A","N/A","N/A"
"beta-xylose56-TS_b3lyp-ircr-b3lyp.log","N/A","C5H10O5","0","1","b3lyp","6-31+G(d,p)","-572.682682049","1.7063","0.16398","-572.507729","-572.553657","59.7198","93.5901","157.0220295967084","90.2748220908099","0.7512004760308537","2so","N/A","N/A","N/A","N/A","77.50165029397117","-143.44715549381678","1.4235104029019248","1.5399059784694649","1.527843824563885","1.5374097867380705","1.539947963630265","1.4345191524002041","1.4092078993817767","1.4195868347688352","1.42638682287029","1.4320349946537618","N/A","N/A","N/A","N/A","N/A","N/A","N/A"
"beta-xylose72-TS_b3lyp-ircr-b3lyp.log","N/A","C5H10O5","0","1","b3lyp","6-31+G(d,p)","-572.676761371","1.8738","0.163999","-572.501832","-572.547167","88.351","132.1241","328.5422066702381","92.53766713804089","0.7224512032163449","os2","N/A","N/A","N/A","N/A","-153.83604893139452","-89.60873560776358","1.4237247854740045","1.5544740851291152","1.5279908634926456","1.5514422924321096","1.5462986775319316","1.4263175144770535","1.3947135422143144","1.4350931189037872","1.4320144586204429","1.4230885075725261","N/A","N/A","N/A","N/A","N/A","N/A","N/A"
"beta-xylose88-TS_b3lyp-ircf-b3lyp.log","N/A","C5H10O5","0","1","b3lyp","6-31+G(d,p)","-572.675490947","3.048","0.163787","-572.500614","-572.546528","74.8458","120.1369","328.8920274206247","92.72386981728935","0.725399252932825","os2","N/A","N/A","N/A","N/A","-153.87427330503635","-89.46296429311508","1.4209426955461646","1.5544157362369309","1.5312451870223136","1.5473501759540402","1.5459032806061963","1.4282557858079903","1.3965300184510894","1.4354015428833842","1.4390193081390534","1.4241634252462039","N/A","N/A","N/A","N/A","N/A","N/A","N/A"
"beta-xylose43-TS_b3lyp-ircf-b3lyp.log","N/A","C5H10O5","0","1","b3lyp","6-31+G(d,p)","-572.67799167","2.5677","0.163559","-572.503274","-572.549952","36.2288","97.2975","112.20272250585109","91.92568064164472","0.727928803469487","25b","N/A","N/A","N/A","N/A","126.96783130791324","176.6616681891448","1.4224967744726174","1.5337061177986477","1.529997686794003","1.551196097242705","1.5257550665064168","1.443823196220368","1.4138075930528875","1.421188394521993","1.425940648837812","1.4264245611328346","N/A","N/A","N/A","N/A","N/A","N/A","N/A"
"beta-xylose62-TS_b3lyp-ircr-b3lyp.log","N/A","C5H10O5","0","1","b3lyp","6-31+G(d,p)","-572.673990029","2.6891","0.162934","-572.499592","-572.546876","35.7246","107.1371","79.66262234829478","90.09853247545207","0.6931416332441153","5s1","N/A","N/A","N/A","N/A","154.8638579020399","175.84467848103642","1.4209149820288334","1.5306070606148399","1.5335683714415864","1.5494358430390074","1.521862686430678","1.4346990289834312","1.4069313392728162","1.4213867724134766","1.42985057788078","1.4294883920326182","N/A","N/A","N/A","N/A","N/A","N/A","N/A"
"beta-xylose53-TS_b3lyp-ircf-b3lyp.log","N/A","C5H10O5","0","1","b3lyp","6-31+G(d,p)","-572.684359297","3.2891","0.16482","-572.509008","-572.55329","125.9574","154.0583","217.55255123141848","177.4858218104114","0.5459446828558342","1c4","N/A","N/A","N/A","N/A","66.32133599812681","-72.68843040522857","1.4147870822056583","1.5474716121331598","1.5422469049425906","1.5431219801697467","1.5313178829678051","1.4344582628675537","1.405807636767563","1.430807782308651","1.4428116340773662","1.4202542455507747","N/A","N/A","N/A","N/A","N/A","N/A","N/A"
"beta-xylose77-TS_b3lyp-ircf-b3lyp.log","N/A","C5H10O5","0","1","b3lyp","6-31+G(d,p)","-572.685063118","2.3158","0.16402","-572.510049","-572.555989","62.0616","99.3861","155.9583136894786","86.86304376226255","0.7437233089474433","2so","N/A","N/A","N/A","N/A","83.2992610486067","-149.6016585178349","1.411729375715119","1.5397784467078375","1.525771903292232","1.531605077053481","1.5380547151089912","1.435734257502411","1.4179319607957217","1.427690927575713","1.4229706631223993","1.4257124264917524","N/A","N/A","N/A","N/A","N/A","N/A","N/A"
"beta-xylose46-TS_b3lyp-ircr-b3lyp.log","N/A","C5H10O5","0","1","b3lyp","6-31+G(d,p)","-572.688208315","3.8261","0.165006","-572.512788","-572.55677","129.4275","159.4232","28.7896224366984","177.70823144256173","0.5329149187744164","1c4","N/A","N/A","N/A","N/A","65.16745982206572","-70.57377408864254","1.413680696934778","1.5415629970452067","1.5448429515555941","1.5444151002554332","1.526679565494017","1.4343469668800504","1.4282244394663606","1.4167747501159103","1.4227205451893916","1.4385518900700107","N/A","N/A","N/A","N/A","N/A","N/A","N/A"
"beta-xylose27-TS_b3lyp-ircf-b3lyp.log","N/A","C5H10O5","0","1","b3lyp","6-31+G(d,p)","-572.678769411","1.3973","0.163964","-572.503793","-572.549428","69.2911","141.0404","274.88110064094826","89.55806903018717","0.7090061541448497","1s5","N/A","N/A","N/A","N/A","92.7654018108572","-62.57967128491058","1.40553421126773","1.5278237852959353","1.552709232317822","1.5454761281249219","1.5262374282951525","1.4415413713168277","1.4313361644320317","1.425168865652067","1.4263385702577773","1.4253027429121854","N/A","N/A","N/A","N/A","N/A","N/A","N/A"
"beta-xylose85-TS_b3lyp-ircr-b3lyp.log","N/A","C5H10O5","0","1","b3lyp","6-31+G(d,p)","-572.676082209","1.7284","0.164228","-572.501076","-572.546345","56.4766","145.8906","21.297592321024425","89.47723794766263","0.7785031942309173","3s1","N/A","N/A","N/A","N/A","-164.5037190441295","-147.2878717569127","1.422944762459527","1.5514282717876453","1.5454509235566167","1.5391355024210833","1.5495447176829071","1.445322403084862","1.3963706553096855","1.4334416220753463","1.423148663665887","1.429371124291029","N/A","N/A","N/A","N/A","N/A","N/A","N/A"
"beta-xylose32-TS_b3lyp-ircr-b3lyp.log","N/A","C5H10O5","0","1","b3lyp","6-31+G(d,p)","-572.688511388","1.9741","0.165187","-572.512952","-572.556856","129.4821","163.6942","326.7228601212009","177.64356672778263","0.5320807151574258","1c4","N/A","N/A","N/A","N/A","64.37986019947698","-69.14974423460747","1.4102133181490661","1.5399485283119043","1.544842648535442","1.5478959109949868","1.5232432097193145","1.4377910583134117","1.428671311034487","1.4182732610794717","1.4228500052690025","1.4401501527309575","N/A","N/A","N/A","N/A","N/A","N/A","N/A"
"beta-xylose90-TS_b3lyp-ircf-b3lyp.log","N/A","C5H10O5","0","1","b3lyp","6-31+G(d,p)","-572.678514233","3.5512","0.164661","-572.503242","-572.548766","26.169","154.4276","4.934861918955519","89.64629340594789","0.7521432002990079","o3b","N/A","N/A","N/A","N/A","-177.05184704992462","-126.23482605649386","1.4366742781034259","1.551813165781886","1.5460343225698452","1.543257790330572","1.5465969041948195","1.4315612869482748","1.3919264666996598","1.4221029738826934","1.4225362530304808","1.445012265886695","N/A","N/A","N/A","N/A","N/A","N/A","N/A"
"beta-xylose80-TS_b3lyp-ircf-b3lyp.log","N/A","C5H10O5","0","1","b3lyp","6-31+G(d,p)","-572.673198823","2.185","0.163258","-572.498646","-572.54522","49.2317","124.2042","32.307371934110044","90.14373501856478","0.7313080179007856","3s1","N/A","N/A","N/A","N/A","-170.6425111430999","-154.27446841892447","1.4109345031262082","1.5491821305534093","1.5409373127317672","1.5351071818355224","1.5399435655545954","1.4362203606845994","1.4007084317608716","1.4335281800149586","1.4262320627113947","1.4323309011935754","N/A","N/A","N/A","N/A","N/A","N/A","N/A"
"beta-xylose37-TS_b3lyp-ircf-b3lyp.log","N/A","C5H10O5","0","1","b3lyp","6-31+G(d,p)","-572.688515997","1.9744","0.165196","-572.512952","-572.556844","129.6548","164.3409","326.86059975299105","177.67304464275415","0.5322424746485339","1c4","N/A","N/A","N/A","N/A","64.36367055399175","-69.14319416870767","1.4102226897018781","1.5399862990588584","1.5448424067120892","1.5479449960802871","1.5232083134706167","1.4377694558951375","1.4286671980527863","1.418271569884273","1.4228746458184571","1.4401172942479372","N/A","N/A","N/A","N/A","N/A","N/A","N/A"
"beta-xylose33-TS_b3lyp-ircf-b3lyp.log","N/A","C5H10O5","0","1","b3lyp","6-31+G(d,p)","-572.681124318","1.5319","0.164051","-572.506038","-572.552389","37.5003","104.0995","199.3864655715313","86.41004661344932","0.7178534885395713","1s3","N/A","N/A","N/A","N/A","59.74215264187183","-106.6606600823703","1.4135278628803185","1.5490084902314125","1.5318045850607054","1.5247996780292157","1.5386280944796242","1.4429287135028535","1.414241433140042","1.4294084206419102","1.4252897022861701","1.4233135847303646","N/A","N/A","N/A","N/A","N/A","N/A","N/A"
"beta-xylose84-TS_b3lyp-ircf-b3lyp.log","N/A","C5H10O5","0","1","b3lyp","6-31+G(d,p)","-572.683680041","3.5484","0.163659","-572.509047","-572.554549","96.6937","105.7453","350.8721075468812","5.1012184635790225","0.5572786827441132","4c1","N/A","N/A","N/A","N/A","-179.9529798396578","173.46662249540387","1.42343614481683","1.5359026092607564","1.5269819583446296","1.5357631554103646","1.5313525812646804","1.4250503242892862","1.3966432553741133","1.419133433413504","1.417772371989594","1.4304003871175373","N/A","N/A","N/A","N/A","N/A","N/A","N/A"
"beta-xylose36-TS_b3lyp-ircr-b3lyp.log","N/A","C5H10O5","0","1","b3lyp","6-31+G(d,p)","-572.686235407","4.2282","0.164845","-572.510888","-572.555069","128.3124","153.6421","38.99134483985804","177.77865924719094","0.5268163161353107","1c4","N/A","N/A","N/A","N/A","65.43059569383036","-71.83027462274775","1.400937639596424","1.542300339827817","1.5413230059494345","1.54821608153707","1.5284051023001068","1.446298384105092","1.4274995681305827","1.4310787500462718","1.4229698177406997","1.4227065202560225","N/A","N/A","N/A","N/A","N/A","N/A","N/A"
"beta-xylose81-TS_b3lyp-ircr-b3lyp.log","N/A","C5H10O5","0","1","b3lyp","6-31+G(d,p)","-572.691479216","1.8786","0.16398","-572.516566","-572.561933","106.6298","110.8006","14.200203476067337","2.2233112611984542","0.5744905343456034","4c1","N/A","N/A","N/A","N/A","-179.63092230695446","175.49242111479043","1.4208063475716877","1.5314212361378563","1.5258300090537609","1.527710120078086","1.5312371741993465","1.4304858233740032","1.3977841252532524","1.4249096519463962","1.4249352401095285","1.4209676152713684","N/A","N/A","N/A","N/A","N/A","N/A","N/A"
"beta-xylose34-TS_b3lyp-ircf-b3lyp.log","N/A","C5H10O5","0","1","b3lyp","6-31+G(d,p)","-572.681129373","1.5317","0.16407","-572.506033","-572.552296","40.8859","104.6215","199.48559760801302","86.40070527211208","0.7179601876859446","1s3","N/A","N/A","N/A","N/A","59.72986654350798","-106.57527758252266","1.4135565222204594","1.5490141204111085","1.531827239375903","1.5247705968187477","1.5385704501770465","1.442958573534251","1.4142566938876409","1.4293907827396257","1.425296043936487","1.4232992196576235","N/A","N/A","N/A","N/A","N/A","N/A","N/A"
"beta-xylose48-TS_b3lyp-ircf-b3lyp.log","N/A","C5H10O5","0","1","b3lyp","6-31+G(d,p)","-572.684946539","2.1936","0.164798","-572.509628","-572.553862","128.4857","152.3342","209.5555772000101","177.3310121945346","0.5432317103995103","1c4","N/A","N/A","N/A","N/A","66.70809066810426","-73.00875188261911","1.416681649576926","1.5464844361240757","1.53820965900686","1.5468142883620517","1.5321740847965029","1.431455929192024","1.4047269519974337","1.4313819024460246","1.4383811477529174","1.4194008264965186","N/A","N/A","N/A","N/A","N/A","N/A","N/A"
"beta-xylose10-TS_b3lyp-ircf-b3lyp.log","N/A","C5H10O5","0","1","b3lyp","6-31+G(d,p)","-572.676668067","1.7006","0.163698","-572.50181","-572.547811","67.5708","142.9407","279.0931321286137","90.85294836459865","0.7011506434400219","1s5","N/A","N/A","N/A","N/A","95.92306690307073","-61.77672732706773","1.4064633435201928","1.5287220110242412","1.5520146210435646","1.5441303155077295","1.5327324876810697","1.4409275058399016","1.4309252621982043","1.425702177351918","1.4223596742093754","1.4298116186847831","N/A","N/A","N/A","N/A","N/A","N/A","N/A"
"beta-xylose83-TS_b3lyp-ircf-b3lyp.log","N/A","C5H10O5","0","1","b3lyp","6-31+G(d,p)","-572.674225842","2.3798","0.163199","-572.499707","-572.546411","42.9075","135.1052","44.934735885157544","86.13467210618927","0.7026415799269194","b14","N/A","N/A","N/A","N/A","-176.99685057360546","-164.15371334874172","1.4206238928812227","1.5308813846137785","1.5413280561145963","1.5419404125273455","1.5323414980940118","1.4342158687554676","1.4020589557636296","1.4268391578843078","1.4290078773488268","1.431905874172601","N/A","N/A","N/A","N/A","N/A","N/A","N/A"
"beta-xylose31-TS_b3lyp-ircr-b3lyp.log","N/A","C5H10O5","0","1","b3lyp","6-31+G(d,p)","-572.675489225","3.0498","0.163781","-572.500617","-572.546536","73.9547","120.916","328.85965152380606","92.72867083768676","0.7252615463042474","os2","N/A","N/A","N/A","N/A","-153.82783919479186","-89.43377892904799","1.420956740803885","1.554413990689739","1.5312290481969053","1.5473391883081098","1.54589673945707","1.4282443182894162","1.3965317061209175","1.4354094168295677","1.4390530603928404","1.4241523739860145","N/A","N/A","N/A","N/A","N/A","N/A","N/A"
"beta-xylose58-TS_b3lyp-ircf-b3lyp.log","N/A","C5H10O5","0","1","b3lyp","6-31+G(d,p)","-572.682683085","1.7086","0.163975","-572.507734","-572.553655","60.3568","93.4122","157.13622895476516","90.27221813343914","0.7509439473616909","2so","N/A","N/A","N/A","N/A","77.41389988168666","-143.33343912651497","1.423476158045859","1.5399192525635883","1.527831846314901","1.537359384254378","1.5399760501267543","1.434543518794742","1.4092383945979472","1.4196127220971217","1.4263874128619476","1.4320674645982987","N/A","N/A","N/A","N/A","N/A","N/A","N/A"
"beta-xylose9-TS_b3lyp-ircf-b3lyp.log","N/A","C5H10O5","0","1","b3lyp","6-31+G(d,p)","-572.677964021","2.9066","0.163883","-572.502976","-572.548882","65.9855","149.466","264.179858861156","92.97985960474006","0.7014820451583283","1s5","N/A","N/A","N/A","N/A","79.9906087655049","-60.42838328690211","1.4159982539498415","1.5272166594180407","1.55403874948664","1.542970314603622","1.5273817739105044","1.4485562467315518","1.420590165355934","1.4244182207785745","1.4281360870288242","1.4249833559252543","N/A","N/A","N/A","N/A","N/A","N/A","N/A"
"beta-xylose86-TS_b3lyp-ircr-b3lyp.log","N/A","C5H10O5","0","1","b3lyp","6-31+G(d,p)","-572.673196291","2.1847","0.163285","-572.498632","-572.545166","49.7992","123.7053","32.299556845902124","90.15099875250681","0.7314023426331874","3s1","N/A","N/A","N/A","N/A","-170.63990215110567","-154.26622473351617","1.4109149963927665","1.549196200016318","1.540991006890371","1.5351073951961798","1.539945915158711","1.436224183059873","1.400713533711658","1.4335320775741296","1.4262316875083796","1.4323157825413364","N/A","N/A","N/A","N/A","N/A","N/A","N/A"
"beta-xylose82-TS_b3lyp-ircr-b3lyp.log","N/A","C5H10O5","0","1","b3lyp","6-31+G(d,p)","-572.691475404","1.879","0.163969","-572.516571","-572.561944","106.371","110.678","14.483234842795168","2.207292555521443","0.5744938882583644","4c1","N/A","N/A","N/A","N/A","-179.62068307528543","175.4991759921963","1.4208365992319456","1.5314021286706505","1.525801887072827","1.5276501336844115","1.5312787200901734","1.4305100697184905","1.3977876053610576","1.4249117498385646","1.4249434516513277","1.4209676132611186","N/A","N/A","N/A","N/A","N/A","N/A","N/A"
"beta-xylose78-TS_b3lyp-ircf-b3lyp.log","N/A","C5H10O5","0","1","b3lyp","6-31+G(d,p)","-572.682668966","2.1398","0.163676","-572.508047","-572.553492","98.2608","106.9332","0.7823157100002989","3.8592941439724466","0.5561384572090398","4c1","N/A","N/A","N/A","N/A","-176.16703685487334","175.9836593699444","1.4198012726100087","1.5416802060654473","1.5262898269375316","1.5353137312972875","1.5315599061463445","1.4263489066680004","1.4004172450355643","1.417534549073496","1.4178038359286518","1.4297829831834616","N/A","N/A","N/A","N/A","N/A","N/A","N/A"
"beta-xylose49-TS_b3lyp-ircr-b3lyp.log","N/A","C5H10O5","0","1","b3lyp","6-31+G(d,p)","-572.675488937","3.0481","0.16377","-572.500619","-572.546574","73.4128","119.1692","328.89946197583856","92.73375298145379","0.725296351760131","os2","N/A","N/A","N/A","N/A","-153.8644370347519","-89.46381783357344","1.4209619331463457","1.55440486861982","1.5312129537735761","1.5473736479674198","1.5459141284566877","1.4282450183851507","1.3965199924401368","1.4354344718620908","1.4390677815346296","1.424151659170118","N/A","N/A","N/A","N/A","N/A","N/A","N/A"
"beta-xylose35-TS_b3lyp-ircr-b3lyp.log","N/A","C5H10O5","0","1","b3lyp","6-31+G(d,p)","-572.676187011","3.7484","0.163801","-572.501322","-572.547616","39.1222","122.1558","212.605700804763","88.45026537181406","0.7145057225433634","1s3","N/A","N/A","N/A","N/A","57.39467809355911","-92.25918654373888","1.4197272484621826","1.5457971567434066","1.5393387929916533","1.531400060517499","1.5371356904684765","1.43974572188425","1.4138245530365499","1.4230950835502878","1.4165891605560874","1.4319518549986237","N/A","N/A","N/A","N/A","N/A","N/A","N/A"
"beta-xylose87-TS_b3lyp-ircf-b3lyp.log","N/A","C5H10O5","0","1","b3lyp","6-31+G(d,p)","-572.678524918","1.6692","0.164585","-572.503292","-572.548832","27.9046","154.6043","5.874383298710479","89.64891353036818","0.7538259982379145","o3b","N/A","N/A","N/A","N/A","-176.61059843149488","-127.67310002989343","1.4275126355703476","1.54466992217399","1.545334374255941","1.5439476670914078","1.5557923510999145","1.4395587440160265","1.3936914156821085","1.440302722068177","1.4222025400859752","1.4264415723313029","N/A","N/A","N/A","N/A","N/A","N/A","N/A"
"beta-xylose25-TS_b3lyp-ircr-b3lyp.log","N/A","C5H10O5","0","1","b3lyp","6-31+G(d,p)","-572.676519091","2.0041","0.16458","-572.50128","-572.546149","69.4219","146.2584","339.2910046410962","90.76521965715746","0.7755471217544726","os2","N/A","N/A","N/A","N/A","-169.03788493632837","-101.18579370758421","1.433044477335229","1.5585283511534205","1.5353001681531204","1.547506098024819","1.5507393152809406","1.4376137824593225","1.392860587477799","1.4356926497314806","1.4319748184032426","1.4202630757236494","N/A","N/A","N/A","N/A","N/A","N/A","N/A"
"beta-xylose68-TS_b3lyp-ircf-b3lyp.log","N/A","C5H10O5","0","1","b3lyp","6-31+G(d,p)","-572.672503094","3.4693","0.163178","-572.49807","-572.544255","71.1696","143.4434","30.33321680253857","91.9475624923272","0.7224338147231352","3s1","N/A","N/A","N/A","N/A","-172.6724359113038","-148.72621180681432","1.4236077111318273","1.554742981182742","1.5546452941896425","1.5280926651649762","1.5365237980695254","1.4254552245812564","1.394717066822515","1.4205836893932013","1.4257136949338742","1.4395910042880233","N/A","N/A","N/A","N/A","N/A","N/A","N/A"
"beta-xylose30-TS_b3lyp-ircf-b3lyp.log","N/A","C5H10O5","0","1","b3lyp","6-31+G(d,p)","-572.679441669","2.5609","0.163465","-572.504774","-572.551265","53.6036","98.3936","147.99283545042712","84.50988969490443","0.7301110852867726","2so","N/A","N/A","N/A","N/A","101.01477285232106","163.73967228039365","1.411797307538869","1.540818895875826","1.524979247718473","1.5327680071667726","1.5371956921699983","1.4334205312468495","1.4180955694680806","1.4229265100791397","1.42276188873613","1.424703048813331","N/A","N/A","N/A","N/A","N/A","N/A","N/A"
"beta-xylose51-TS_b3lyp-ircr-b3lyp.log","N/A","C5H10O5","0","1","b3lyp","6-31+G(d,p)","-572.673727452","3.5563","0.163258","-572.499254","-572.545334","75.0676","141.4208","26.59700689764169","92.14030270703273","0.718554862936164","3s1","N/A","N/A","N/A","N/A","-178.05453311551122","-143.35447984059175","1.4241286415089054","1.5456625098034824","1.5527477315739346","1.5298556526290317","1.5394967679871887","1.4254940195076231","1.3953717228068656","1.4209780186607393","1.4230773094821658","1.4403390312183448","N/A","N/A","N/A","N/A","N/A","N/A","N/A"
"beta-xylose38-TS_b3lyp-ircf-b3lyp.log","N/A","C5H10O5","0","1","b3lyp","6-31+G(d,p)","-572.688211879","3.8266","0.165017","-572.512783","-572.556762","129.0702","159.9372","29.67281471625435","177.6930739768362","0.5329324005906031","1c4","N/A","N/A","N/A","N/A","65.17342510759754","-70.60191482331113","1.4136630586165149","1.5415136143845762","1.5448898822081136","1.544484464619829","1.5266708075364512","1.4343125846721836","1.4281984097141405","1.4168000578832567","1.42272131225655","1.4385109116530885","N/A","N/A","N/A","N/A","N/A","N/A","N/A"
"beta-xylose60-TS_b3lyp-ircf-b3lyp.log","N/A","C5H10O5","0","1","b3lyp","6-31+G(d,p)","-572.686236028","4.2284","0.164857","-572.510883","-572.55505","128.5437","153.947","39.40974232564951","177.7882542011361","0.5268552925245807","1c4","N/A","N/A","N/A","N/A","65.41806471254215","-71.8251968935623","1.4009322958605102","1.542350298084388","1.5413882672740182","1.5481582472347586","1.5283359957960814","1.446317383759526","1.4274964069849703","1.4310867171003299","1.4229619272447174","1.4227050240787795","N/A","N/A","N/A","N/A","N/A","N/A","N/A"
"beta-xylose44-TS_b3lyp-ircf-b3lyp.log","N/A","C5H10O5","0","1","b3lyp","6-31+G(d,p)","-572.678523867","3.5436","0.164706","-572.503226","-572.54866","27.7588","155.9897","4.687159679932866","89.63527316269338","0.7519679364295212","o3b","N/A","N/A","N/A","N/A","-177.16801203727914","-125.99448022330601","1.4366884547576766","1.5519053374700407","1.5460055972036453","1.5433381243259692","1.5466298345350773","1.431472848582536","1.391960524646083","1.4221165370313362","1.4224934449441236","1.4449717237250699","N/A","N/A","N/A","N/A","N/A","N/A","N/A"
"beta-xylose75-TS_b3lyp-ircr-b3lyp.log","N/A","C5H10O5","0","1","b3lyp","6-31+G(d,p)","-572.67489279","3.1232","0.162989","-572.500548","-572.547164","63.706","115.1242","88.2883728298004","90.34631500723854","0.7139537168231791","5s1","N/A","N/A","N/A","N/A","151.86476145104945","179.9677557599512","1.4231945671723878","1.5358721888510125","1.5320090431958944","1.5460502971976688","1.5261078503280823","1.4343415930192502","1.4090836036044847","1.4175668798028545","1.4292894169600503","1.4288587814290816","N/A","N/A","N/A","N/A","N/A","N/A","N/A"
"beta-xylose54-TS_b3lyp-ircf-b3lyp.log","N/A","C5H10O5","0","1","b3lyp","6-31+G(d,p)","-572.685479373","3.7874","0.16354","-572.510852","-572.556573","96.8906","109.7898","308.8952427587304","3.9062095324025004","0.5694865075478376","4c1","N/A","N/A","N/A","N/A","-178.99682667902607","170.967537504786","1.4325393840959488","1.531576150551124","1.5309414155551477","1.524017001140079","1.5336305470285208","1.424087249223867","1.388968735399397","1.4186005322073585","1.425389314972229","1.432490377861925","N/A","N/A","N/A","N/A","N/A","N/A","N/A"
"beta-xylose65-TS_b3lyp-ircr-b3lyp.log","N/A","C5H10O5","0","1","b3lyp","6-31+G(d,p)","-572.681066502","1.6166","0.163956","-572.506112","-572.55244","38.3853","93.1128","165.28653159525186","88.1301074261656","0.7306711138781616","bo3","N/A","N/A","N/A","N/A","74.58850014853168","-138.4107966533793","1.4141714659718603","1.5456614220410627","1.5299098086975587","1.529091385264465","1.5396420847437238","1.4379366469820567","1.4107817605093993","1.4297628370670432","1.4233847993582058","1.4264549625231777","N/A","N/A","N/A","N/A","N/A","N/A","N/A"
"beta-xylose41-TS_b3lyp-ircr-b3lyp.log","N/A","C5H10O5","0","1","b3lyp","6-31+G(d,p)","-572.67799477","2.3936","0.163551","-572.503238","-572.549862","51.2545","79.7696","150.44578798271567","90.09576920283195","0.746900869720421","2so","N/A","N/A","N/A","N/A","84.29661606153454","-150.74243984520368","1.4169106711359754","1.5458540650879695","1.5261698713292042","1.5484880665684833","1.5347202841944847","1.4338662188558595","1.4155441423950719","1.4197560016964184","1.418571595538625","1.431068875156259","N/A","N/A","N/A","N/A","N/A","N/A","N/A"
"beta-xylose28-TS_b3lyp-ircf-b3lyp.log","N/A","C5H10O5","0","1","b3lyp","6-31+G(d,p)","-572.685066129","2.3139","0.164027","-572.510045","-572.55598","62.3411","99.5083","155.90963961463825","86.86876706083942","0.7437485529499567","2so","N/A","N/A","N/A","N/A","83.33450002577406","-149.6445922036229","1.4117310740682874","1.5397364822066144","1.5257307602109882","1.531672576714423","1.5380368518982244","1.4357431630253372","1.4179363115489354","1.4276779436854798","1.4229687599754253","1.425707491595664","N/A","N/A","N/A","N/A","N/A","N/A","N/A"
"beta-xylose70-TS_b3lyp-ircf-b3lyp.log","N/A","C5H10O5","0","1","b3lyp","6-31+G(d,p)","-572.675804214","3.655","0.163708","-572.500977","-572.546916","62.5423","137.7262","276.49190762431635","91.91063530775996","0.6966720530096666","1s5","N/A","N/A","N/A","N/A","92.54560639189911","-61.011210439762735","1.4037885677269921","1.5331936249039129","1.547214122232925","1.5503764277571432","1.533658122795951","1.4438502371579263","1.4284283068831278","1.4271039231990081","1.4196377765099097","1.4243587576793988","N/A","N/A","N/A","N/A","N/A","N/A","N/A"
"beta-xylose74-TS_b3lyp-ircf-b3lyp.log","N/A","C5H10O5","0","1","b3lyp","6-31+G(d,p)","-572.675142617","2.6247","0.162866","-572.500769","-572.54799","55.2493","82.6963","94.52396417579791","92.57659347495562","0.6999540094189772","5s1","N/A","N/A","N/A","N/A","138.2512300698118","175.11828769614857","1.4248285032360912","1.5322551085005396","1.5304772819241714","1.5463953223173563","1.5263148241968298","1.429837617512562","1.4101643990985588","1.4190294376795005","1.4291865061880487","1.4293732320275903","N/A","N/A","N/A","N/A","N/A","N/A","N/A"
"beta-xylose45-TS_b3lyp-ircr-b3lyp.log","N/A","C5H10O5","0","1","b3lyp","6-31+G(d,p)","-572.686233873","4.2287","0.164852","-572.510882","-572.555057","128.3838","153.7926","39.36500873067966","177.78525373188413","0.5268291188914018","1c4","N/A","N/A","N/A","N/A","65.42041546505934","-71.83362006411744","1.4009709261836951","1.5422447127690209","1.5413571606665342","1.548227128256704","1.5284204751733077","1.446255408324892","1.4274960778793755","1.4310788436078563","1.4229667026677049","1.4227034056773746","N/A","N/A","N/A","N/A","N/A","N/A","N/A"
"beta-xylose50-TS_b3lyp-ircf-b3lyp.log","N/A","C5H10O5","0","1","b3lyp","6-31+G(d,p)","-572.684068394","4.1175","0.16482","-572.508745","-572.552933","135.5234","148.9413","167.0838894075477","177.6485823052092","0.5474397828306069","1c4","N/A","N/A","N/A","N/A","66.35384351412804","-73.5408804531408","1.4197559970565365","1.5430647015997092","1.5430694344500508","1.5465893929618164","1.5308526293497358","1.4289821576660782","1.4055916221178895","1.4320259542693352","1.438305797818044","1.4202828917493868","N/A","N/A","N/A","N/A","N/A","N/A","N/A"
"beta-xylose39-TS_b3lyp-ircr-b3lyp.log","N/A","C5H10O5","0","1","b3lyp","6-31+G(d,p)","-572.686234195","4.229","0.164849","-572.510886","-572.555057","128.791","153.4998","39.42602567201191","177.79983620412088","0.5267641977594207","1c4","N/A","N/A","N/A","N/A","65.40993230913273","-71.82912854234979","1.4009575163401637","1.5422213489450858","1.5413865525723909","1.5482172856976502","1.5284276156553833","1.4462557334489636","1.4274911877784047","1.4310877804558322","1.422951628669436","1.4227274817515125","N/A","N/A","N/A","N/A","N/A","N/A","N/A"
"beta-xylose71-TS_b3lyp-ircr-b3lyp.log","N/A","C5H10O5","0","1","b3lyp","6-31+G(d,p)","-572.678525079","1.6678","0.164569","-572.503303","-572.548847","28.1","154.2744","5.91349205880251","89.65199818839207","0.7539768020410592","o3b","N/A","N/A","N/A","N/A","-176.5839286007076","-127.71450596700129","1.4275196311322658","1.544644037053521","1.545369261782115","1.5439830052571821","1.555820260841528","1.4395404195026966","1.3936764722162027","1.4402678299184495","1.4221898907881465","1.4264481509280316","N/A","N/A","N/A","N/A","N/A","N/A","N/A"
"beta-xylose40-TS_b3lyp-ircf-b3lyp.log","N/A","C5H10O5","0","1","b3lyp","6-31+G(d,p)","-572.681126527","1.5332","0.16406","-572.506035","-572.552343","39.244","104.4321","199.34423296033836","86.39763580110734","0.7177400593108051","1s3","N/A","N/A","N/A","N/A","59.7790188488852","-106.7211083422476","1.4135556318097282","1.549040059226681","1.531775276642106","1.5247513018040026","1.5385908219958935","1.4429418793260524","1.414244167424423","1.4294095822072832","1.4252940468850628","1.4233189194449711","N/A","N/A","N/A","N/A","N/A","N/A","N/A"
"beta-xylose29-TS_b3lyp-ircr-b3lyp.log","N/A","C5H10O5","0","1","b3lyp","6-31+G(d,p)","-572.673378344","2.6703","0.163867","-572.498436","-572.544303","74.3915","123.4864","264.0335294465314","95.84859951116033","0.7095689387898408","1s5","N/A","N/A","N/A","N/A","82.7887667265045","-60.98515791544701","1.424565876748071","1.531452109541464","1.552944119419949","1.5405648450370404","1.5279308734497774","1.441924758088299","1.4082562987347154","1.4215934522204299","1.4422119980928603","1.424845220696269","N/A","N/A","N/A","N/A","N/A","N/A","N/A"
"beta-xylose64-TS_b3lyp-ircf-b3lyp.log","N/A","C5H10O5","0","1","b3lyp","6-31+G(d,p)","-572.677994886","2.5676","0.163545","-572.503285","-572.549985","35.885","97.3569","112.36545231734378","91.91930725238878","0.7278061281584495","25b","N/A","N/A","N/A","N/A","126.80937676069688","176.61017816857472","1.422458442956419","1.5337338140609666","1.5299525653146897","1.551263208872047","1.5257543665207058","1.4437566923959175","1.4138576320694387","1.4211931287006705","1.4259163451633479","1.4264203443031793","N/A","N/A","N/A","N/A","N/A","N/A","N/A"
"beta-xylose55-TS_b3lyp-ircr-b3lyp.log","N/A","C5H10O5","0","1","b3lyp","6-31+G(d,p)","-572.681125576","1.5342","0.164059","-572.506035","-572.552346","38.9828","104.341","199.34584047854582","86.38576104181598","0.7178652445008499","1s3","N/A","N/A","N/A","N/A","59.79052494499564","-106.73582084796162","1.4135624637450588","1.549082993400289","1.531720424000085","1.5247554690775829","1.5386143270998744","1.442946521361412","1.4142428190597258","1.4294084994077096","1.4252817213035462","1.4233002845408271","N/A","N/A","N/A","N/A","N/A","N/A","N/A"
